{
  "generator-jhipster": {
    "applicationType": "monolith",
    "authenticationType": "jwt",
    "backendType": "NodeJS",
    "baseName": "petstore",
    "blueprints": [
      {
        "name": "generator-jhipster-nodejs"
      }
    ],
    "clientFramework": "react",
    "databaseType": "sql",
    "devDatabaseType": "postgresql",
    "enableTranslation": false,
    "entities": [
      "Breed",
      "Person",
      "Enclosure",
      "HousingAssignment",
      "IntakeRecord",
      "Pet",
      "PetStatusChange",
      "VaccinationRecord",
      "MedicalCondition",
      "VetVisit",
      "Treatment",
      "FeedingPlan",
      "Photo",
      "AdoptionApplication",
      "Ownership"
    ],
    "jhipsterVersion": "8.11.0",
    "lastLiquibaseTimestamp": 1761564723000,
    "monorepository": true,
    "nativeLanguage": "en",
    "packageName": "com.petstore",
    "prodDatabaseType": "postgresql",
    "serverPort": "3000",
    "skipCommitHook": true,
    "withAdminUi": false
  },
  "generator-jhipster-nodejs": {
    "nodejsVersion": "3.2.0"
  }
}
