{
  "annotations": {
    "changelogDate": "20251027113103"
  },
  "applications": ["petstore"],
  "documentation": "=====================\\nAdoption & Ownership Lifecycle\\n=====================",
  "dto": "mapstruct",
  "fields": [
    {
      "fieldName": "submittedDate",
      "fieldType": "ZonedDateTime",
      "fieldValidateRules": ["required"]
    },
    {
      "fieldName": "status",
      "fieldType": "ApplicationStatus",
      "fieldValidateRules": ["required"],
      "fieldValues": "SUBMITTED,UNDER_REVIEW,APPROVED,REJECTED,WITHDRAWN"
    },
    {
      "fieldName": "notes",
      "fieldType": "String",
      "fieldValidateRules": ["maxlength"],
      "fieldValidateRulesMaxlength": "5000"
    }
  ],
  "jpaMetamodelFiltering": true,
  "name": "AdoptionApplication",
  "pagination": "pagination",
  "relationships": [
    {
      "otherEntityField": "lastName",
      "otherEntityName": "person",
      "relationshipName": "applicant",
      "relationshipSide": "left",
      "relationshipType": "many-to-one"
    },
    {
      "otherEntityField": "name",
      "otherEntityName": "pet",
      "relationshipName": "pet",
      "relationshipSide": "left",
      "relationshipType": "many-to-one"
    }
  ],
  "searchEngine": "no",
  "service": "serviceClass"
}
