{
  "annotations": {
    "changelogDate": "20251027111803"
  },
  "applications": ["petstore"],
  "documentation": "=====================\\nCore Catalog & Identity\\n=====================",
  "dto": "mapstruct",
  "fields": [
    {
      "fieldName": "name",
      "fieldType": "String",
      "fieldValidateRules": ["required", "minlength", "maxlength"],
      "fieldValidateRulesMaxlength": "80",
      "fieldValidateRulesMinlength": "2"
    },
    {
      "fieldName": "species",
      "fieldType": "SpeciesType",
      "fieldTypeDocumentation": "=====================\\nEnums (Ubiquitous Language)\\n=====================",
      "fieldValidateRules": ["required"],
      "fieldValues": "DOG,CAT,RABBIT,BIRD,REPTILE,SMALL_MAMMAL,OTHER"
    },
    {
      "fieldName": "sizeLabel",
      "fieldType": "String",
      "fieldValidateRules": ["maxlength"],
      "fieldValidateRulesMaxlength": "32"
    },
    {
      "fieldName": "notes",
      "fieldType": "String",
      "fieldValidateRules": ["maxlength"],
      "fieldValidateRulesMaxlength": "5000"
    }
  ],
  "jpaMetamodelFiltering": true,
  "name": "Breed",
  "pagination": "pagination",
  "relationships": [],
  "searchEngine": "no",
  "service": "serviceClass"
}
