{
  "annotations": {
    "changelogDate": "20251027112003"
  },
  "applications": ["petstore"],
  "documentation": "=====================\\nShelter Ops — Housing & Intake\\n=====================",
  "dto": "mapstruct",
  "fields": [
    {
      "fieldName": "code",
      "fieldType": "String",
      "fieldValidateRules": ["required", "unique", "minlength", "maxlength"],
      "fieldValidateRulesMaxlength": "30",
      "fieldValidateRulesMinlength": "1"
    },
    {
      "fieldName": "type",
      "fieldType": "EnclosureType",
      "fieldValidateRules": ["required"],
      "fieldValues": "KENNEL,CAGE,ROOM,PEN,AQUARIUM,TERRARIUM,OTHER"
    },
    {
      "fieldName": "capacity",
      "fieldType": "Integer",
      "fieldValidateRules": ["required", "min", "max"],
      "fieldValidateRulesMax": "50",
      "fieldValidateRulesMin": "1"
    },
    {
      "fieldName": "location",
      "fieldType": "String",
      "fieldValidateRules": ["maxlength"],
      "fieldValidateRulesMaxlength": "120"
    },
    {
      "fieldName": "notes",
      "fieldType": "String",
      "fieldValidateRules": ["maxlength"],
      "fieldValidateRulesMaxlength": "5000"
    }
  ],
  "jpaMetamodelFiltering": true,
  "name": "Enclosure",
  "relationships": [],
  "searchEngine": "no",
  "service": "serviceClass"
}
