{
  "annotations": {
    "changelogDate": "20251027112903"
  },
  "applications": ["petstore"],
  "dto": "mapstruct",
  "fields": [
    {
      "fieldName": "diet",
      "fieldType": "DietType",
      "fieldValidateRules": ["required"],
      "fieldValues": "DRY_FOOD,WET_FOOD,RAW,MIXED,PRESCRIPTION,OTHER"
    },
    {
      "fieldName": "foodBrand",
      "fieldType": "String",
      "fieldValidateRules": ["maxlength"],
      "fieldValidateRulesMaxlength": "80"
    },
    {
      "fieldName": "amountGrams",
      "fieldType": "Integer",
      "fieldValidateRules": ["min", "max"],
      "fieldValidateRulesMax": "5000",
      "fieldValidateRulesMin": "0"
    },
    {
      "fieldName": "frequencyPerDay",
      "fieldType": "Integer",
      "fieldValidateRules": ["min", "max"],
      "fieldValidateRulesMax": "6",
      "fieldValidateRulesMin": "1"
    },
    {
      "fieldName": "specialInstructions",
      "fieldType": "String",
      "fieldValidateRules": ["maxlength"],
      "fieldValidateRulesMaxlength": "5000"
    }
  ],
  "jpaMetamodelFiltering": true,
  "name": "FeedingPlan",
  "relationships": [
    {
      "otherEntityField": "name",
      "otherEntityName": "pet",
      "relationshipName": "pet",
      "relationshipSide": "left",
      "relationshipType": "many-to-one"
    }
  ],
  "searchEngine": "no",
  "service": "serviceClass"
}
