{
  "annotations": {
    "changelogDate": "20251027112103"
  },
  "applications": ["petstore"],
  "dto": "mapstruct",
  "fields": [
    {
      "fieldName": "startDate",
      "fieldType": "LocalDate",
      "fieldValidateRules": ["required"]
    },
    {
      "fieldName": "endDate",
      "fieldType": "LocalDate"
    }
  ],
  "jpaMetamodelFiltering": true,
  "name": "HousingAssignment",
  "pagination": "infinite-scroll",
  "relationships": [
    {
      "otherEntityField": "name",
      "otherEntityName": "pet",
      "relationshipName": "pet",
      "relationshipSide": "left",
      "relationshipType": "many-to-one"
    },
    {
      "otherEntityField": "code",
      "otherEntityName": "enclosure",
      "relationshipName": "enclosure",
      "relationshipSide": "left",
      "relationshipType": "many-to-one"
    }
  ],
  "searchEngine": "no",
  "service": "serviceClass"
}
