{
  "annotations": {
    "changelogDate": "20251027112203"
  },
  "applications": ["petstore"],
  "dto": "mapstruct",
  "fields": [
    {
      "fieldName": "intakeDate",
      "fieldType": "LocalDate",
      "fieldValidateRules": ["required"]
    },
    {
      "fieldName": "source",
      "fieldType": "IntakeSource",
      "fieldValidateRules": ["required"],
      "fieldValues": "SURRENDER,STRAY,RESCUE_TRANSFER,BORN_IN_CARE,OTHER"
    },
    {
      "fieldName": "foundLocation",
      "fieldType": "String",
      "fieldValidateRules": ["maxlength"],
      "fieldValidateRulesMaxlength": "160"
    },
    {
      "fieldName": "surrenderedReason",
      "fieldType": "String",
      "fieldValidateRules": ["maxlength"],
      "fieldValidateRulesMaxlength": "200"
    },
    {
      "fieldName": "initialHealthNotes",
      "fieldType": "String",
      "fieldValidateRules": ["maxlength"],
      "fieldValidateRulesMaxlength": "5000"
    }
  ],
  "jpaMetamodelFiltering": true,
  "name": "IntakeRecord",
  "relationships": [
    {
      "otherEntityField": "name",
      "otherEntityName": "pet",
      "otherEntityRelationshipName": "intake",
      "relationshipName": "pet",
      "relationshipSide": "left",
      "relationshipType": "one-to-one",
      "relationshipValidateRules": "required"
    }
  ],
  "searchEngine": "no",
  "service": "serviceClass"
}
