{
  "annotations": {
    "changelogDate": "20251027112603"
  },
  "applications": ["petstore"],
  "dto": "mapstruct",
  "fields": [
    {
      "fieldName": "name",
      "fieldType": "String",
      "fieldValidateRules": ["required", "minlength", "maxlength"],
      "fieldValidateRulesMaxlength": "80",
      "fieldValidateRulesMinlength": "2"
    },
    {
      "fieldName": "description",
      "fieldType": "String",
      "fieldValidateRules": ["maxlength"],
      "fieldValidateRulesMaxlength": "5000"
    },
    {
      "fieldName": "chronic",
      "fieldType": "Boolean"
    },
    {
      "fieldName": "diagnosedDate",
      "fieldType": "LocalDate"
    }
  ],
  "jpaMetamodelFiltering": true,
  "name": "MedicalCondition",
  "pagination": "pagination",
  "relationships": [
    {
      "otherEntityField": "name",
      "otherEntityName": "pet",
      "relationshipName": "pet",
      "relationshipSide": "left",
      "relationshipType": "many-to-one"
    }
  ],
  "searchEngine": "no",
  "service": "serviceClass"
}
