{
  "annotations": {
    "changelogDate": "20251027113203"
  },
  "applications": ["petstore"],
  "dto": "mapstruct",
  "fields": [
    {
      "fieldName": "type",
      "fieldType": "OwnershipType",
      "fieldValidateRules": ["required"],
      "fieldValues": "ADOPTION,FOSTER,TEMP_CARE"
    },
    {
      "fieldName": "startDate",
      "fieldType": "LocalDate",
      "fieldValidateRules": ["required"]
    },
    {
      "fieldName": "endDate",
      "fieldType": "LocalDate"
    }
  ],
  "jpaMetamodelFiltering": true,
  "name": "Ownership",
  "pagination": "infinite-scroll",
  "relationships": [
    {
      "otherEntityField": "lastName",
      "otherEntityName": "person",
      "relationshipName": "owner",
      "relationshipSide": "left",
      "relationshipType": "many-to-one"
    },
    {
      "otherEntityField": "name",
      "otherEntityName": "pet",
      "relationshipName": "pet",
      "relationshipSide": "left",
      "relationshipType": "many-to-one"
    }
  ],
  "searchEngine": "no",
  "service": "serviceClass"
}
