{
  "annotations": {
    "changelogDate": "20251027111903"
  },
  "applications": ["petstore"],
  "documentation": "Ideally unique (species,name) — JDL lacks composite unique; enforce via DB migration.",
  "dto": "mapstruct",
  "fields": [
    {
      "fieldName": "firstName",
      "fieldType": "String",
      "fieldValidateRules": ["required", "minlength", "maxlength"],
      "fieldValidateRulesMaxlength": "60",
      "fieldValidateRulesMinlength": "1"
    },
    {
      "fieldName": "lastName",
      "fieldType": "String",
      "fieldValidateRules": ["required", "minlength", "maxlength"],
      "fieldValidateRulesMaxlength": "60",
      "fieldValidateRulesMinlength": "1"
    },
    {
      "fieldName": "phone",
      "fieldType": "String",
      "fieldValidateRules": ["maxlength"],
      "fieldValidateRulesMaxlength": "32"
    },
    {
      "fieldName": "email",
      "fieldType": "String",
      "fieldValidateRules": ["maxlength", "pattern"],
      "fieldValidateRulesMaxlength": "120",
      "fieldValidateRulesPattern": "^[^@\\s]+@[^@\\s]+\\.[^@\\s]+$"
    },
    {
      "fieldName": "street",
      "fieldType": "String",
      "fieldValidateRules": ["maxlength"],
      "fieldValidateRulesMaxlength": "120"
    },
    {
      "fieldName": "city",
      "fieldType": "String",
      "fieldValidateRules": ["maxlength"],
      "fieldValidateRulesMaxlength": "80"
    },
    {
      "fieldName": "state",
      "fieldType": "String",
      "fieldValidateRules": ["maxlength"],
      "fieldValidateRulesMaxlength": "80"
    },
    {
      "fieldName": "postalCode",
      "fieldType": "String",
      "fieldValidateRules": ["maxlength"],
      "fieldValidateRulesMaxlength": "16"
    },
    {
      "fieldName": "country",
      "fieldType": "String",
      "fieldValidateRules": ["maxlength"],
      "fieldValidateRulesMaxlength": "80"
    },
    {
      "fieldName": "verified",
      "fieldType": "Boolean"
    }
  ],
  "jpaMetamodelFiltering": true,
  "name": "Person",
  "pagination": "pagination",
  "relationships": [],
  "searchEngine": "no",
  "service": "serviceClass"
}
