{
  "annotations": {
    "changelogDate": "20251027112303"
  },
  "applications": ["petstore"],
  "documentation": "=====================\\nCore Aggregate — Pet\\n=====================",
  "dto": "mapstruct",
  "fields": [
    {
      "fieldName": "name",
      "fieldType": "String",
      "fieldValidateRules": ["required", "minlength", "maxlength"],
      "fieldValidateRulesMaxlength": "60",
      "fieldValidateRulesMinlength": "1"
    },
    {
      "fieldName": "species",
      "fieldType": "SpeciesType",
      "fieldTypeDocumentation": "=====================\\nEnums (Ubiquitous Language)\\n=====================",
      "fieldValidateRules": ["required"],
      "fieldValues": "DOG,CAT,RABBIT,BIRD,REPTILE,SMALL_MAMMAL,OTHER"
    },
    {
      "fieldName": "sex",
      "fieldType": "Sex",
      "fieldValidateRules": ["required"],
      "fieldValues": "MALE,FEMALE,UNKNOWN"
    },
    {
      "fieldName": "dateOfBirth",
      "fieldType": "LocalDate"
    },
    {
      "fieldName": "estimatedAgeMonths",
      "fieldType": "Integer",
      "fieldValidateRules": ["min", "max"],
      "fieldValidateRulesMax": "3600",
      "fieldValidateRulesMin": "0"
    },
    {
      "fieldName": "color",
      "fieldType": "String",
      "fieldValidateRules": ["maxlength"],
      "fieldValidateRulesMaxlength": "60"
    },
    {
      "fieldName": "microchipNumber",
      "fieldType": "String",
      "fieldValidateRules": ["unique", "maxlength", "pattern"],
      "fieldValidateRulesMaxlength": "25",
      "fieldValidateRulesPattern": "^[A-Za-z0-9\\-]{5,25}$"
    },
    {
      "fieldName": "intakeDate",
      "fieldType": "LocalDate",
      "fieldValidateRules": ["required"]
    },
    {
      "fieldName": "status",
      "fieldType": "PetStatus",
      "fieldValidateRules": ["required"],
      "fieldValues": "INTAKE,AVAILABLE,ON_HOLD,FOSTERED,ADOPTED,TRANSFERRED,DECEASED,NOT_FOR_ADOPTION"
    },
    {
      "fieldName": "neutered",
      "fieldType": "Boolean",
      "fieldValidateRules": ["required"]
    },
    {
      "fieldName": "weightKg",
      "fieldType": "BigDecimal",
      "fieldValidateRules": ["min", "max"],
      "fieldValidateRulesMax": "200.0",
      "fieldValidateRulesMin": "0.0"
    },
    {
      "fieldName": "temperament",
      "fieldType": "Temperament",
      "fieldValues": "CALM,ACTIVE,SHY,AGGRESSIVE,FRIENDLY,UNKNOWN"
    },
    {
      "fieldName": "description",
      "fieldType": "String",
      "fieldValidateRules": ["maxlength"],
      "fieldValidateRulesMaxlength": "5000"
    }
  ],
  "jpaMetamodelFiltering": true,
  "name": "Pet",
  "pagination": "pagination",
  "relationships": [
    {
      "otherEntityField": "name",
      "otherEntityName": "breed",
      "relationshipName": "breed",
      "relationshipSide": "left",
      "relationshipType": "many-to-one"
    },
    {
      "otherEntityField": "code",
      "otherEntityName": "enclosure",
      "relationshipName": "enclosure",
      "relationshipSide": "left",
      "relationshipType": "many-to-one"
    },
    {
      "otherEntityName": "intakeRecord",
      "otherEntityRelationshipName": "pet",
      "relationshipName": "intake",
      "relationshipSide": "right",
      "relationshipType": "one-to-one"
    }
  ],
  "searchEngine": "no",
  "service": "serviceClass"
}
