{
  "annotations": {
    "changelogDate": "20251027112403"
  },
  "applications": ["petstore"],
  "dto": "mapstruct",
  "fields": [
    {
      "fieldName": "fromStatus",
      "fieldType": "PetStatus",
      "fieldValidateRules": ["required"],
      "fieldValues": "INTAKE,AVAILABLE,ON_HOLD,FOSTERED,ADOPTED,TRANSFERRED,DECEASED,NOT_FOR_ADOPTION"
    },
    {
      "fieldName": "toStatus",
      "fieldType": "PetStatus",
      "fieldValidateRules": ["required"],
      "fieldValues": "INTAKE,AVAILABLE,ON_HOLD,FOSTERED,ADOPTED,TRANSFERRED,DECEASED,NOT_FOR_ADOPTION"
    },
    {
      "fieldName": "changedAt",
      "fieldType": "ZonedDateTime",
      "fieldValidateRules": ["required"]
    },
    {
      "fieldName": "reason",
      "fieldType": "String",
      "fieldValidateRules": ["maxlength"],
      "fieldValidateRulesMaxlength": "200"
    }
  ],
  "jpaMetamodelFiltering": true,
  "name": "PetStatusChange",
  "pagination": "infinite-scroll",
  "relationships": [
    {
      "otherEntityField": "name",
      "otherEntityName": "pet",
      "relationshipName": "pet",
      "relationshipSide": "left",
      "relationshipType": "many-to-one"
    }
  ],
  "searchEngine": "no",
  "service": "serviceClass"
}
