{
  "annotations": {
    "changelogDate": "20251027113003"
  },
  "applications": ["petstore"],
  "dto": "mapstruct",
  "fields": [
    {
      "fieldName": "imageData",
      "fieldType": "AnyBlob",
      "fieldValidateRules": ["required"]
    },
    {
      "fieldName": "caption",
      "fieldType": "String",
      "fieldValidateRules": ["maxlength"],
      "fieldValidateRulesMaxlength": "140"
    },
    {
      "fieldName": "takenAt",
      "fieldType": "ZonedDateTime"
    }
  ],
  "jpaMetamodelFiltering": true,
  "name": "Photo",
  "pagination": "infinite-scroll",
  "relationships": [
    {
      "otherEntityField": "name",
      "otherEntityName": "pet",
      "relationshipName": "pet",
      "relationshipSide": "left",
      "relationshipType": "many-to-one"
    }
  ],
  "searchEngine": "no",
  "service": "serviceClass"
}
