{
  "annotations": {
    "changelogDate": "20251027112803"
  },
  "applications": ["petstore"],
  "dto": "mapstruct",
  "fields": [
    {
      "fieldName": "type",
      "fieldType": "TreatmentType",
      "fieldValidateRules": ["required"],
      "fieldValues": "SURGERY,MEDICATION,DENTAL,SPAY_NEUTER,BEHAVIORAL,OTHER"
    },
    {
      "fieldName": "name",
      "fieldType": "String",
      "fieldValidateRules": ["required", "minlength", "maxlength"],
      "fieldValidateRulesMaxlength": "80",
      "fieldValidateRulesMinlength": "2"
    },
    {
      "fieldName": "startDate",
      "fieldType": "LocalDate"
    },
    {
      "fieldName": "endDate",
      "fieldType": "LocalDate"
    },
    {
      "fieldName": "dosage",
      "fieldType": "String",
      "fieldValidateRules": ["maxlength"],
      "fieldValidateRulesMaxlength": "80"
    },
    {
      "fieldName": "instructions",
      "fieldType": "String",
      "fieldValidateRules": ["maxlength"],
      "fieldValidateRulesMaxlength": "5000"
    }
  ],
  "jpaMetamodelFiltering": true,
  "name": "Treatment",
  "pagination": "pagination",
  "relationships": [
    {
      "otherEntityField": "name",
      "otherEntityName": "pet",
      "relationshipName": "pet",
      "relationshipSide": "left",
      "relationshipType": "many-to-one"
    },
    {
      "otherEntityField": "name",
      "otherEntityName": "medicalCondition",
      "relationshipName": "condition",
      "relationshipSide": "left",
      "relationshipType": "many-to-one"
    }
  ],
  "searchEngine": "no",
  "service": "serviceClass"
}
