{
  "annotations": {
    "changelogDate": "20251027112503"
  },
  "applications": ["petstore"],
  "documentation": "=====================\\nHealth & Care\\n=====================",
  "dto": "mapstruct",
  "fields": [
    {
      "fieldName": "vaccine",
      "fieldType": "Vaccine",
      "fieldValidateRules": ["required"],
      "fieldValues": "RABIES,DISTEMPER,PARVO,FELV,FVRCP,BORDETELLA,OTHER"
    },
    {
      "fieldName": "dateGiven",
      "fieldType": "LocalDate",
      "fieldValidateRules": ["required"]
    },
    {
      "fieldName": "dueDate",
      "fieldType": "LocalDate"
    },
    {
      "fieldName": "administeredBy",
      "fieldType": "String",
      "fieldValidateRules": ["maxlength"],
      "fieldValidateRulesMaxlength": "80"
    },
    {
      "fieldName": "notes",
      "fieldType": "String",
      "fieldValidateRules": ["maxlength"],
      "fieldValidateRulesMaxlength": "5000"
    }
  ],
  "jpaMetamodelFiltering": true,
  "name": "VaccinationRecord",
  "pagination": "infinite-scroll",
  "relationships": [
    {
      "otherEntityField": "name",
      "otherEntityName": "pet",
      "relationshipName": "pet",
      "relationshipSide": "left",
      "relationshipType": "many-to-one"
    }
  ],
  "searchEngine": "no",
  "service": "serviceClass"
}
