{
  "annotations": {
    "changelogDate": "20251027112703"
  },
  "applications": ["petstore"],
  "dto": "mapstruct",
  "fields": [
    {
      "fieldName": "visitDate",
      "fieldType": "ZonedDateTime",
      "fieldValidateRules": ["required"]
    },
    {
      "fieldName": "clinicName",
      "fieldType": "String",
      "fieldValidateRules": ["maxlength"],
      "fieldValidateRulesMaxlength": "120"
    },
    {
      "fieldName": "vetName",
      "fieldType": "String",
      "fieldValidateRules": ["maxlength"],
      "fieldValidateRulesMaxlength": "80"
    },
    {
      "fieldName": "reason",
      "fieldType": "String",
      "fieldValidateRules": ["maxlength"],
      "fieldValidateRulesMaxlength": "160"
    },
    {
      "fieldName": "report",
      "fieldType": "String",
      "fieldValidateRules": ["maxlength"],
      "fieldValidateRulesMaxlength": "5000"
    }
  ],
  "jpaMetamodelFiltering": true,
  "name": "VetVisit",
  "pagination": "pagination",
  "relationships": [
    {
      "otherEntityField": "name",
      "otherEntityName": "pet",
      "relationshipName": "pet",
      "relationshipSide": "left",
      "relationshipType": "many-to-one"
    }
  ],
  "searchEngine": "no",
  "service": "serviceClass"
}
